id;image;network;port;volume;environment;other
1;Avon;Licensed Wooden Shirt Intelligent;Customizable Awesome capacitor;Industrial repurpose Wooden;../fake-data/blob/hipster.txt;../fake-data/blob/hipster.txt
2;Legacy client-server;SSL HDD;synthesize instruction set;withdrawal Rial Omani;../fake-data/blob/hipster.txt;../fake-data/blob/hipster.txt
3;emulation Metal;Sausages bus;Credit Card Account Fish Strategist;Chair hard drive virtual;../fake-data/blob/hipster.txt;../fake-data/blob/hipster.txt
4;turquoise best-of-breed Oklahoma;Corporate repurpose salmon;Granite Tasty Frozen Fish withdrawal;Tennessee Bedfordshire;../fake-data/blob/hipster.txt;../fake-data/blob/hipster.txt
5;withdrawal;Maine indexing Automotive;Tasty Plastic Sausages sky blue;Pennsylvania Mauritius;../fake-data/blob/hipster.txt;../fake-data/blob/hipster.txt
6;Somalia;lavender;plum TCP program;Functionality mobile Won;../fake-data/blob/hipster.txt;../fake-data/blob/hipster.txt
7;Flats port User-friendly;Configurable leverage SMTP;Auto Loan Account;heuristic index process improvement;../fake-data/blob/hipster.txt;../fake-data/blob/hipster.txt
8;neural-net Car synthesize;Virginia Beauty;Research Avon;plug-and-play Towels;../fake-data/blob/hipster.txt;../fake-data/blob/hipster.txt
9;Oklahoma database;Ergonomic;primary;Ergonomic Metal Car mission-critical Soap;../fake-data/blob/hipster.txt;../fake-data/blob/hipster.txt
10;Cambridgeshire Awesome Representative;Bedfordshire;24/7;Tennessee China alliance;../fake-data/blob/hipster.txt;../fake-data/blob/hipster.txt
