id;creater;name;description;creat_time
1;hack Berkshire SSL;Forint Engineer Handmade Concrete Tuna;Soft International Dong;2020-01-28T22:10:00
2;next-generation magenta Skyway;user-centric;Books;2020-01-29T00:07:19
3;Dynamic;Sleek Louisiana;Facilitator driver;2020-01-28T18:03:22
4;redundant;Tajikistan;Clothing Brazil JBOD;2020-01-29T01:09:04
5;Soft Tanzania;Concrete array;Nauru copying New York;2020-01-29T03:09:00
6;bifurcated innovate;Human Intelligent;Pants definition Business-focused;2020-01-28T12:18:25
7;bypass Awesome;Tuna District;out-of-the-box;2020-01-28T16:23:56
8;applications Plastic solid state;Automotive CSS Representative;circuit;2020-01-28T13:21:58
9;sky blue;quantify;Kip;2020-01-28T18:47:56
10;intangible Rwanda Franc;withdrawal firewall;parse Credit Card Account Chips;2020-01-28T20:38:27
