id;name;creater;type;create_time;waiting_time;extend_time;app
1;Shoal Practical Kids;Refined Soft Car;incubate;2020-01-28T23:45:13;2020-01-29T08:52:33;73087;South Carolina PCI Orchestrator
2;groupware;Ergonomic Metal Pizza Agent;primary;2020-01-28T16:32:21;2020-01-28T19:02:40;70805;Managed Computers calculating
3;homogeneous capacitor Outdoors;Home Loan Account redefine Metal;Oregon;2020-01-29T03:12:28;2020-01-28T14:32:11;66410;Handcrafted Wooden Sausages Uganda Shilling
4;transmit invoice PNG;deposit hacking project;schemas Vermont Rupiah;2020-01-28T19:18:43;2020-01-29T01:24:39;74652;Gorgeous digital enhance
5;Investment Account exploit;gold markets Focused;Electronics;2020-01-29T05:42:57;2020-01-28T13:38:13;53963;Landing Borders ROI
6;Maryland hard drive systemic;Developer;reintermediate solid state;2020-01-28T23:37:26;2020-01-28T12:33:18;64861;Chief
7;Metal Metal Lebanese Pound;blue magnetic;Awesome Steel Sausages B2C;2020-01-29T08:11:20;2020-01-29T00:04:04;29567;scalable Future-proofed Devolved
8;connecting exploit Money Market Account;infrastructures Bedfordshire solid state;Robust;2020-01-29T05:22:06;2020-01-28T12:41:28;26295;composite Personal Loan Account clicks-and-mortar
9;Danish Krone;best-of-breed Checking Account compress;Universal;2020-01-28T12:14:50;2020-01-28T17:20:40;9307;Auto Loan Account Re-contextualized Chair
10;Bacon back-end;Grocery mint green Buckinghamshire;Concrete Bolivar Fuerte;2020-01-29T05:17:47;2020-01-28T23:38:28;24248;Netherlands Antilles front-end Mississippi
