id;name;create_time;biuld_time
1;British Indian Ocean Territory (Chagos Archipelago) bypass Down-sized;2020-01-31T03:17:13;2020-01-30T06:32:50
2;Rustic Rustic Cotton Ball CSS;2020-01-30T09:33:16;2020-01-30T15:06:31
3;Lesotho Reunion;2020-01-30T22:00:57;2020-01-31T05:45:28
4;Buckinghamshire deposit Fort;2020-01-30T22:17:05;2020-01-31T00:04:25
5;envisioneer Shirt Refined;2020-01-31T00:28:49;2020-01-30T22:37:01
6;Estates;2020-01-30T14:29:25;2020-01-30T06:44:49
7;Business-focused Customer;2020-01-30T19:59:30;2020-01-30T10:19:33
8;TCP;2020-01-30T19:45:50;2020-01-31T02:37:35
9;invoice utilisation solid state;2020-01-31T00:38:28;2020-01-30T18:20:28
10;plug-and-play;2020-01-30T06:32:27;2020-01-30T12:46:51
